InvoiceNo,StockCode,Description,Quantity,InvoiceDate,UnitPrice,CustomerID,Country
539491,21981,PACK OF 12 WOODLAND TISSUES ,12,12/20/2010 10:09,0.29,14646,Netherlands
539491,21986,PACK OF 12 PINK POLKADOT TISSUES,12,12/20/2010 10:09,0.29,14646,Netherlands
539491,21123,SET/10 IVORY POLKADOT PARTY CANDLES,2,12/20/2010 10:09,1.25,14646,Netherlands
539491,47599A,PINK PARTY BAGS,2,12/20/2010 10:09,2.1,14646,Netherlands
539491,22331,WOODLAND PARTY BAG + STICKER SET,2,12/20/2010 10:09,1.65,14646,Netherlands
539491,22333,RETROSPOT PARTY BAG + STICKER SET,2,12/20/2010 10:09,1.65,14646,Netherlands
539491,22315,200 RED + WHITE BENDY STRAWS,1,12/20/2010 10:09,1.25,14646,Netherlands
539491,22445,PENCIL CASE LIFE IS BEAUTIFUL,1,12/20/2010 10:09,2.95,14646,Netherlands
